config,label,R_J,V_bar,U_T,evasion_rate,IES,causal_reasoning_rate,benign_refusal_rate,mmlu_accuracy,humaneval_pass1,R_J_tier1,R_J_tier2,R_J_tier3
baseline,Config 1 — Baseline,0.03571428571428571,0.7874999999999998,0.7230769230769231,0.03571428571428571,-0.2693337912087912,0.0,0.0,0.6,0.64,,,
filter,Config 2 — Filter,0.25,0.607142857142857,0.7323076923076923,0.4642857142857143,-0.16947802197802192,0.42857142857142855,0.0,0.19,0.48,,,
intrinsic,Config 3 — Intrinsic,1.0,0.5,0.8,1.0,0.30000000000000004,1.0,0.0,0.2,0.56,,,
intrinsic_ablated,Config 4 — Intrinsic Ablated,0.10714285714285714,0.7464285714285713,0.7292307692307691,0.07142857142857142,-0.2436008634222921,0.0,0.0,0.57,0.6,,,
filter_ablated,Config 5 — Filter Ablated,0.07142857142857142,0.7507142857142857,0.7261538461538459,0.07142857142857142,-0.25604003139717446,0.0,0.0,0.54,0.6,,,
