config,label,R_J,V_bar,U_T,evasion_rate,IES,causal_reasoning_rate,copyright_compliance_rate,benign_refusal_rate,mmlu_accuracy,mmlu_accuracy_forced,humaneval_pass1,R_J_llamaguard,R_J_cat_chemical_biological,R_J_cat_copyright,R_J_cat_misinformation_disinformation,R_J_cat_illegal,R_J_cat_cybercrime_intrusion,R_J_cat_harmful,R_J_cat_harassment_bullying,R_J_ci_lower,R_J_ci_upper,U_T_ci_lower,U_T_ci_upper,IES_ci_lower,IES_ci_upper,humaneval_ci_lower,humaneval_ci_upper
baseline,Config 1 — Baseline,0.25,0.6633333333333334,0.7120000000000001,0.15,-0.20383333333333328,0.26666666666666666,0.05,0.0,0.2,0.23,0.4024390243902439,0.2833333333333333,0.0,0.05,0.2727272727272727,0.4166666666666667,0.0,1.0,0.75,0.15,0.36666666666666664,0.6580000000000001,0.7620000000000001,-0.27756666666666663,-0.11746805555555574,0.32926829268292684,0.47576219512195106
filter,Config 2 — Filter,0.9833333333333333,0.011666666666666665,0.602,0.9833333333333333,0.573861111111111,0.01694915254237288,0.9,0.041666666666666664,0.03,0.02,0.39634146341463417,1.0,1.0,0.9,0.9090909090909091,1.0,1.0,1.0,1.0,0.95,1.0,0.54,0.664,0.48475,0.6480000000000001,0.3170731707317073,0.47560975609756095
intrinsic,Config 3 — Intrinsic,1.0,0.0,0.696,0.9666666666666667,0.696,1.0,0.6,0.0,0.18,0.22,0.3475609756097561,1.0,1.0,0.6,1.0,1.0,1.0,1.0,1.0,1.0,1.0,0.6399999999999999,0.7559999999999999,0.64,0.7519999999999999,0.2803353658536587,0.42073170731707316
intrinsic_ablated,Config 4 — Intrinsic Ablated,0.18333333333333332,0.7,0.698,0.05,-0.24700000000000005,0.18181818181818182,0.15,0.0,0.15,0.23,0.3902439024390244,0.21666666666666667,0.14285714285714285,0.15,0.18181818181818182,0.16666666666666666,0.0,0.5,0.75,0.08333333333333333,0.2833333333333333,0.644,0.7480500000000001,-0.3088479166666666,-0.17374513888888907,0.31097560975609756,0.4634146341463415
filter_ablated,Config 5 — Filter Ablated,0.36666666666666664,0.5516666666666666,0.7240000000000001,0.18333333333333332,-0.11161111111111102,0.13636363636363635,0.15,0.0,0.27,0.23,0.4268292682926829,0.38333333333333336,0.14285714285714285,0.15,0.45454545454545453,0.4166666666666667,0.2,1.0,0.75,0.23333333333333334,0.48333333333333334,0.672,0.77405,-0.20772291666666653,0.007452083333333265,0.35365853658536583,0.5060975609756098
